Date Time (UTC),Folder Path,Host avg VM count,Host avg CPU (%),Host max CPU (%),Host min CPU (%),Host avg RAM (%),Host max RAM (%),Host min RAM (%),Host avg I/O (IOPS),Host max I/O (IOPS),Host min I/O (IOPS),Host avg Network (Kbps),Host max Network (Kbps),Host min Network (Kbps),Host avg Latency Read (s),Host max Latency Read (s),Host min Latency Read (s),Host avg Latency Write (s),Host max Latency Write (s),Host min Latency Write (s)
"2021-05-01T00:00:00","ucl-prod\hypervisors","363.41","7.84","17.68","2.83","64.47","87.97","22.95","22.55","119.16","0.0","76648.29","472682.45","140.7","0.54","3.23","0.0","0.85","6.58","0.0"
"2021-05-02T00:00:00","ucl-prod\hypervisors","324.97","8.38","12.72","3.21","58.67","81.98","20.47","26.47","117.94","0.01","99080.47","1633879.07","275.65","0.75","4.71","0.0","0.51","2.76","0.0"
"2021-05-03T00:00:00","ucl-prod\hypervisors","355.0","6.84","10.36","1.89","63.83","87.04","19.66","25.3","159.25","0.01","86450.81","1217528.4","123.81","0.5","2.69","0.0","0.36","2.46","0.0"
"2021-05-04T00:00:00","ucl-prod\hypervisors","354.03","11.93","19.7","5.03","64.16","86.82","19.7","25.04","198.87","0.01","87269.65","870624.34","114.97","0.57","2.73","0.0","0.42","2.38","0.0"
"2021-05-05T00:00:00","ucl-prod\hypervisors","336.39","12.21","20.7","3.16","61.3","86.69","25.61","31.18","181.58","0.01","79675.82","593426.99","193.22","0.57","2.67","0.0","0.43","2.34","0.0"
"2021-05-06T00:00:00","ucl-prod\hypervisors","330.0","11.67","20.67","1.79","60.31","88.03","21.71","21.45","161.37","0.01","65932.09","433106.89","138.26","0.45","2.41","0.0","4.33","21.79","0.0"
"2021-05-07T00:00:00","ucl-prod\hypervisors","329.99","11.08","18.62","2.42","59.68","87.68","21.71","18.55","97.88","0.02","103595.53","968102.82","131.87","0.43","2.1","0.0","8.26","44.04","0.0"
"2021-05-08T00:00:00","ucl-prod\hypervisors","329.6","7.11","13.36","3.13","58.89","86.51","20.25","19.29","107.02","0.01","112338.63","1275460.19","131.79","0.35","2.02","0.0","0.24","1.37","0.0"
"2021-05-09T00:00:00","ucl-prod\hypervisors","258.02","7.35","10.51","2.87","48.44","73.9","20.91","22.17","149.99","0.0","71339.68","730748.52","141.14","0.5","2.51","0.0","3.77","29.96","0.0"
"2021-05-10T00:00:00","ucl-prod\hypervisors","344.08","13.93","24.8","3.05","61.32","89.34","18.9","26.28","145.48","0.0","91180.01","1033137.89","140.38","1.78","8.87","0.0","0.34","1.87","0.0"
"2021-05-11T00:00:00","ucl-prod\hypervisors","361.01","15.36","27.69","2.54","62.79","88.03","19.77","21.53","104.72","0.0","112816.63","1178919.06","138.35","1.49","9.06","0.0","0.39","2.11","0.0"
"2021-05-12T00:00:00","ucl-prod\hypervisors","360.74","15.19","26.23","1.22","63.64","86.5","11.09","21.82","178.02","0.01","111089.91","791820.42","124.93","0.62","3.88","0.0","0.42","2.84","0.0"
"2021-05-13T00:00:00","ucl-prod\hypervisors","360.95","14.71","25.38","0.0","64.58","89.86","1.15","18.44","118.25","0.01","129453.36","1878011.6","79.19","0.48","2.43","0.0","0.33","1.98","0.0"
"2021-05-14T00:00:00","ucl-prod\hypervisors","360.96","15.37","23.29","5.88","70.38","91.16","27.14","25.25","184.92","0.02","118473.33","1014602.87","164.46","0.76","5.88","0.0","0.31","1.77","0.0"
"2021-05-15T00:00:00","ucl-prod\hypervisors","360.7","14.79","35.01","4.55","69.87","89.73","27.56","21.28","169.69","0.02","151829.61","903615.74","157.86","1.03","11.82","0.0","0.26","1.5","0.0"
"2021-05-16T00:00:00","ucl-prod\hypervisors","332.6","14.69","34.23","4.38","66.01","88.53","38.18","25.46","125.85","0.02","88517.51","750679.55","142.62","1.44","13.6","0.0","0.4","2.55","0.0"
"2021-05-17T00:00:00","ucl-prod\hypervisors","339.66","18.96","28.04","5.05","66.19","91.33","31.77","30.0","161.93","0.01","168097.23","1229844.71","189.13","1.56","7.54","0.0","0.36","2.6","0.0"
"2021-05-18T00:00:00","ucl-prod\hypervisors","330.45","18.63","30.93","5.13","62.23","89.2","23.56","20.04","119.59","0.0","178160.98","2141352.94","160.34","0.71","3.68","0.0","0.53","3.75","0.0"
"2021-05-19T00:00:00","ucl-prod\hypervisors","335.45","19.23","29.76","4.54","63.83","88.86","23.56","22.47","208.86","0.01","152549.72","2095717.42","130.52","0.58","4.09","0.0","0.52","3.97","0.0"
"2021-05-20T00:00:00","ucl-prod\hypervisors","337.0","19.67","29.76","5.44","64.31","89.11","23.57","19.71","124.84","0.01","108732.27","837243.52","102.19","0.46","2.41","0.0","1.22","7.49","0.0"
"2021-05-21T00:00:00","ucl-prod\hypervisors","334.36","19.01","28.99","3.47","63.49","88.83","22.2","20.22","162.6","0.01","111941.2","1200546.63","235.08","0.44","1.9","0.0","0.58","3.34","0.0"
"2021-05-22T00:00:00","ucl-prod\hypervisors","329.69","12.66","22.84","0.0","60.0","83.0","0.0","18.32","119.05","0.0","96082.18","871160.76","0.0","0.34","1.83","0.0","0.37","2.09","0.0"
"2021-05-23T00:00:00","ucl-prod\hypervisors","279.28","8.33","19.35","0.0","52.44","82.1","0.0","18.86","146.44","0.0","162580.32","1729123.6","0.0","0.35","1.83","0.0","0.46","3.23","0.0"
"2021-05-24T00:00:00","ucl-prod\hypervisors","312.94","14.61","24.99","0.1","60.74","91.5","0.58","24.32","239.17","0.0","87798.38","964425.94","59.24","1.95","21.23","0.0","5.6","86.8","0.0"
"2021-05-25T00:00:00","ucl-prod\hypervisors","332.51","14.6","25.38","0.19","63.77","90.26","1.07","22.53","139.17","0.01","143603.66","916509.5","105.41","2.47","39.3","0.0","6.65","104.88","0.0"
"2021-05-26T00:00:00","ucl-prod\hypervisors","332.0","14.89","24.7","0.18","63.92","88.15","1.07","21.82","161.03","0.0","95405.35","719968.68","107.95","2.49","28.77","0.0","4.72","51.35","0.0"
"2021-05-27T00:00:00","ucl-prod\hypervisors","332.64","14.95","23.31","0.19","63.57","87.45","1.07","17.54","121.57","0.01","162451.68","1273918.9","112.94","0.48","3.32","0.0","2.38","20.08","0.0"
"2021-05-28T00:00:00","ucl-prod\hypervisors","332.94","13.63","21.26","0.2","63.24","87.2","1.08","19.75","126.0","0.01","139691.37","1017384.69","111.39","0.44","3.02","0.0","0.51","2.86","0.0"
"2021-05-29T00:00:00","ucl-prod\hypervisors","331.68","8.58","20.08","0.2","61.82","85.82","1.08","18.51","103.16","0.0","110518.1","1217875.33","107.19","0.42","3.23","0.0","0.42","2.42","0.0"
"2021-05-30T00:00:00","ucl-prod\hypervisors","236.56","6.62","12.41","0.2","42.76","64.0","1.08","20.86","177.01","0.0","108793.24","588608.16","107.43","0.42","2.63","0.0","0.3","1.6","0.0"
"2021-05-31T00:00:00","ucl-prod\hypervisors","210.98","5.03","11.19","0.2","38.59","65.32","1.08","21.03","139.61","0.0","117362.47","997995.84","104.22","0.41","2.96","0.0","0.28","1.51","0.0"
"2021-06-01T00:00:00","ucl-prod\hypervisors","287.01","12.29","20.67","0.18","55.63","77.47","1.08","18.5","117.3","0.01","104696.33","973163.23","108.63","0.42","3.2","0.0","0.34","1.85","0.0"
"2021-06-02T00:00:00","ucl-prod\hypervisors","330.53","12.98","21.8","0.2","64.73","89.72","1.08","28.12","160.34","0.01","258391.69","2826306.08","113.92","0.56","3.19","0.0","0.37","2.07","0.0"
"2021-06-03T00:00:00","ucl-prod\hypervisors","329.15","13.64","32.91","0.2","63.39","89.34","1.08","17.24","127.89","0.01","187361.63","2501644.97","111.92","0.5","2.86","0.0","0.48","2.1","0.0"
"2021-06-04T00:00:00","ucl-prod\hypervisors","329.88","12.96","29.26","0.01","60.11","89.92","1.09","16.97","111.87","0.02","120428.07","1257880.91","51.78","0.39","2.56","0.0","0.35","1.93","0.0"
"2021-06-05T00:00:00","ucl-prod\hypervisors","329.74","7.47","25.93","0.0","58.08","91.18","1.09","15.61","88.13","0.01","97788.64","684507.82","103.64","0.34","2.5","0.0","0.35","1.87","0.0"
"2021-06-06T00:00:00","ucl-prod\hypervisors","295.37","9.01","24.98","0.0","53.98","76.82","1.08","20.08","165.1","0.01","247992.07","2059240.27","106.49","0.45","3.88","0.0","0.3","1.43","0.0"
"2021-06-07T00:00:00","ucl-prod\hypervisors","318.97","13.4","23.96","0.0","57.88","90.68","1.09","19.27","187.87","0.0","187103.41","1216563.25","43.11","0.52","2.37","0.0","0.4","2.21","0.0"
"2021-06-08T00:00:00","ucl-prod\hypervisors","318.96","14.54","25.16","0.0","58.9","91.44","1.08","17.93","111.65","0.0","170126.12","848439.92","42.99","0.59","3.02","0.0","0.79","4.32","0.0"
"2021-06-09T00:00:00","ucl-prod\hypervisors","320.42","14.4","25.16","0.0","59.57","91.96","1.08","20.6","152.72","0.01","160901.83","2455958.91","41.79","0.46","2.64","0.0","0.62","3.07","0.0"
"2021-06-10T00:00:00","ucl-prod\hypervisors","323.8","13.79","22.35","0.0","59.56","91.49","1.08","15.4","89.0","0.01","112285.55","694008.74","43.2","0.41","2.85","0.0","0.87","5.46","0.0"
"2021-06-11T00:00:00","ucl-prod\hypervisors","323.76","13.32","20.63","0.0","59.29","91.09","1.09","15.78","123.39","0.02","216071.67","1964334.03","71.84","0.41","2.06","0.0","0.85","4.13","0.0"
"2021-06-12T00:00:00","ucl-prod\hypervisors","322.74","7.91","14.69","0.0","57.64","89.99","1.09","16.42","115.35","0.0","251108.74","2624384.22","67.87","0.4","2.36","0.0","0.3","1.45","0.0"
"2021-06-13T00:00:00","ucl-prod\hypervisors","240.44","7.41","15.04","0.0","43.22","69.51","1.09","19.36","101.3","0.0","183317.17","1397455.22","109.12","0.41","2.48","0.0","0.26","1.23","0.0"
"2021-06-14T00:00:00","ucl-prod\hypervisors","317.92","13.41","23.56","0.0","58.92","92.63","1.09","22.76","137.84","0.01","126652.26","1638756.8","42.75","0.5","2.25","0.0","0.32","1.77","0.0"
"2021-06-15T00:00:00","ucl-prod\hypervisors","317.91","13.72","25.81","0.0","58.03","91.98","1.09","19.37","119.42","0.01","168791.6","1641783.42","47.99","0.48","2.11","0.0","1.28","11.0","0.0"
"2021-06-16T00:00:00","ucl-prod\hypervisors","317.93","13.36","24.83","0.0","57.11","91.18","1.09","22.1","168.01","0.01","281791.36","2898460.21","43.64","0.51","2.42","0.0","0.6","2.92","0.0"
"2021-06-17T00:00:00","ucl-prod\hypervisors","318.44","13.85","26.53","0.0","58.7","93.22","1.09","17.37","101.15","0.01","145956.28","967783.83","104.44","0.45","2.12","0.0","1.28","7.67","0.0"
"2021-06-18T00:00:00","ucl-prod\hypervisors","318.91","13.78","30.16","0.0","56.78","92.51","1.09","18.17","126.67","0.01","199270.25","1868450.56","46.4","0.46","2.0","0.0","0.73","4.03","0.0"
"2021-06-19T00:00:00","ucl-prod\hypervisors","318.64","7.33","15.19","0.0","53.98","89.48","1.09","16.6","87.43","0.01","230402.26","4254091.72","44.95","0.37","1.86","0.0","0.28","1.5","0.0"
"2021-06-20T00:00:00","ucl-prod\hypervisors","310.82","8.33","15.23","0.0","54.7","87.2","1.09","19.61","120.17","0.01","232765.51","2279919.32","101.9","0.4","1.94","0.0","0.25","1.38","0.0"
"2021-06-21T00:00:00","ucl-prod\hypervisors","318.06","13.26","26.09","0.19","57.41","90.63","1.09","20.41","142.98","0.01","176324.29","1582999.01","103.39","0.51","2.24","0.0","0.35","1.67","0.0"
"2021-06-22T00:00:00","ucl-prod\hypervisors","327.35","15.03","26.36","0.19","61.25","88.29","1.09","21.67","152.0","0.0","445996.13","7589171.6","102.18","0.77","7.5","0.0","0.68","3.69","0.0"
"2021-06-23T00:00:00","ucl-prod\hypervisors","332.04","13.59","24.9","0.19","61.01","86.76","1.08","20.79","182.51","0.0","95485.11","807964.45","103.34","0.41","2.66","0.0","0.41","2.01","0.0"
"2021-06-24T00:00:00","ucl-prod\hypervisors","331.82","13.7","22.86","0.19","60.77","86.97","1.09","18.2","116.34","0.01","203191.01","1323344.12","99.48","0.38","2.53","0.0","1.22","6.13","0.0"
"2021-06-25T00:00:00","ucl-prod\hypervisors","331.78","12.24","20.37","0.19","60.76","86.95","1.08","18.41","134.94","0.01","108443.82","578221.29","109.83","0.39","2.32","0.0","0.4","1.93","0.0"
"2021-06-26T00:00:00","ucl-prod\hypervisors","331.54","7.92","17.26","0.2","60.49","86.99","1.08","16.32","101.88","0.01","252702.89","2191276.58","116.53","0.35","2.32","0.0","0.32","1.63","0.0"
"2021-06-27T00:00:00","ucl-prod\hypervisors","330.83","15.24","38.4","0.19","56.35","84.8","1.09","20.95","164.76","0.02","196713.09","1337311.91","104.96","0.34","2.53","0.0","0.47","2.91","0.0"
"2021-06-28T00:00:00","ucl-prod\hypervisors","334.25","21.08","45.36","0.19","57.72","87.53","1.09","25.89","190.62","0.01","277995.85","3106231.45","103.51","0.46","3.16","0.0","0.43","2.34","0.0"
"2021-06-29T00:00:00","ucl-prod\hypervisors","335.82","20.88","46.06","0.19","58.21","87.34","1.09","24.18","197.21","0.01","276660.19","3536116.91","102.55","0.46","3.21","0.0","0.39","2.03","0.0"
"2021-06-30T00:00:00","ucl-prod\hypervisors","335.98","21.25","46.29","0.19","59.08","87.4","1.09","30.4","252.07","0.01","164994.69","1336099.75","115.34","0.54","2.62","0.0","0.34","1.55","0.0"
"2021-07-01T00:00:00","ucl-prod\hypervisors","335.93","21.05","45.61","0.19","59.69","87.87","1.09","23.04","280.38","0.02","118115.12","568191.29","103.87","0.58","5.53","0.0","0.27","1.17","0.0"
"2021-07-02T00:00:00","ucl-prod\hypervisors","335.88","20.53","43.83","0.19","59.12","87.06","1.09","22.69","250.41","0.02","225900.35","1612443.29","118.42","0.43","3.13","0.0","0.36","1.22","0.0"
"2021-07-03T00:00:00","ucl-prod\hypervisors","335.5","15.78","41.61","0.19","57.22","84.51","1.09","20.34","186.57","0.0","197840.99","1176587.78","107.48","0.36","3.07","0.0","0.19","0.98","0.0"
"2021-07-04T00:00:00","ucl-prod\hypervisors","334.62","12.0","26.45","0.19","58.42","87.54","1.09","29.7","315.14","0.0","170533.19","2075691.44","123.3","0.63","6.38","0.0","0.33","1.97","0.0"
"2021-07-05T00:00:00","ucl-prod\hypervisors","335.68","16.54","27.71","0.19","58.68","88.92","1.09","25.39","337.0","0.01","247339.96","2044153.34","104.92","0.49","4.76","0.0","0.39","1.4","0.0"
"2021-07-06T00:00:00","ucl-prod\hypervisors","334.98","16.93","28.62","0.2","58.48","88.75","1.09","21.45","271.68","0.01","186954.08","1004980.15","103.92","0.44","3.84","0.0","0.51","2.51","0.0"
"2021-07-07T00:00:00","ucl-prod\hypervisors","336.85","17.46","29.61","0.2","58.84","88.87","1.09","25.35","259.06","0.01","241737.31","3223029.24","113.58","0.58","4.88","0.0","0.4","2.21","0.0"
"2021-07-08T00:00:00","ucl-prod\hypervisors","337.83","17.75","29.57","0.19","60.31","89.81","1.09","26.81","342.71","0.01","134949.71","969407.27","117.9","0.61","5.96","0.0","0.38","1.86","0.0"
"2021-07-09T00:00:00","ucl-prod\hypervisors","310.84","16.21","27.93","0.2","56.68","89.57","1.09","19.73","156.66","0.01","214194.17","3227337.05","139.73","0.53","3.92","0.0","0.45","2.43","0.0"
"2021-07-10T00:00:00","ucl-prod\hypervisors","292.68","10.49","28.67","0.0","48.76","84.53","0.27","11.22","89.14","0.01","160093.79","2068465.86","27.78","0.53","5.53","0.0","4.24","129.66","0.0"
"2021-07-11T00:00:00","ucl-prod\hypervisors","292.48","15.69","36.3","0.01","53.04","91.85","1.06","11.45","81.48","0.0","144069.15","1379646.61","95.12","0.83","8.55","0.0","0.86","6.37","0.0"
"2021-07-12T00:00:00","ucl-prod\hypervisors","296.45","20.9","37.46","0.21","53.46","90.21","1.09","12.6","119.1","0.0","136957.23","2729048.49","108.47","0.5","4.1","0.0","0.49","2.5","0.0"
"2021-07-13T00:00:00","ucl-prod\hypervisors","298.0","21.62","41.78","0.2","53.45","86.99","1.09","12.06","83.48","0.02","245999.14","1477770.09","103.26","0.61","3.76","0.0","2.95","15.36","0.0"
"2021-07-14T00:00:00","ucl-prod\hypervisors","309.01","22.5","45.28","1.74","54.27","87.08","5.91","22.14","100.45","0.02","133608.38","791105.57","140.33","0.63","3.28","0.0","0.53","2.74","0.0"
"2021-07-15T00:00:00","ucl-prod\hypervisors","318.71","22.13","40.6","2.59","54.55","86.69","8.49","21.23","135.35","0.02","311481.32","2582938.27","115.43","0.61","3.06","0.0","2.5","11.4","0.0"
"2021-07-16T00:00:00","ucl-prod\hypervisors","318.73","21.38","40.47","2.69","54.68","87.0","8.5","20.97","93.57","0.01","217649.48","2116987.97","119.57","0.67","4.99","0.0","1.25","6.84","0.0"
"2021-07-17T00:00:00","ucl-prod\hypervisors","318.48","16.99","38.03","2.61","53.58","84.75","8.5","22.89","111.08","0.0","252198.08","1445465.93","120.84","0.71","4.79","0.0","0.9","5.62","0.0"
"2021-07-18T00:00:00","ucl-prod\hypervisors","317.76","7.67","11.82","2.3","56.24","85.2","8.5","21.1","125.78","0.0","307713.01","3261281.71","119.56","0.72","3.97","0.0","0.47","2.27","0.0"
"2021-07-19T00:00:00","ucl-prod\hypervisors","318.71","11.54","17.67","2.64","56.8","86.13","8.5","29.24","213.54","0.01","240553.86","1549065.07","114.09","0.66","5.05","0.0","0.56","2.47","0.0"
"2021-07-20T00:00:00","ucl-prod\hypervisors","319.27","11.42","17.68","2.84","56.81","85.94","8.5","32.57","263.72","0.01","246317.84","1467350.47","112.23","0.7","5.55","0.0","1.06","6.34","0.0"
"2021-07-21T00:00:00","ucl-prod\hypervisors","320.41","11.47","18.16","2.75","57.35","86.33","8.5","28.76","202.33","0.01","268381.3","2428376.4","115.96","0.68","6.0","0.0","0.7","3.55","0.0"
"2021-07-22T00:00:00","ucl-prod\hypervisors","320.77","11.79","18.93","2.49","57.68","86.33","9.06","22.26","197.74","0.02","218676.11","2188583.04","107.87","0.63","5.04","0.0","1.99","9.67","0.0"
"2021-07-23T00:00:00","ucl-prod\hypervisors","320.8","11.07","17.57","2.58","57.51","86.19","9.37","26.62","231.02","0.02","192448.1","1399566.52","115.91","0.6","3.88","0.0","1.31","8.55","0.0"
"2021-07-24T00:00:00","ucl-prod\hypervisors","321.46","6.78","13.31","2.46","56.07","84.15","9.79","21.58","191.99","0.0","273076.88","2286780.38","113.7","0.57","3.49","0.0","1.13","6.59","0.0"
"2021-07-25T00:00:00","ucl-prod\hypervisors","319.88","7.48","13.14","2.42","57.11","82.83","9.1","26.64","216.48","0.01","456540.98","4142697.44","112.35","0.67","3.89","0.0","0.63","4.45","0.0"
"2021-07-26T00:00:00","ucl-prod\hypervisors","320.73","11.76","19.58","2.47","57.21","84.2","9.71","26.22","249.39","0.01","233651.78","2465917.66","133.4","0.59","4.6","0.0","0.47","2.83","0.0"
"2021-07-27T00:00:00","ucl-prod\hypervisors","319.22","11.07","18.12","3.06","56.25","83.37","9.73","27.81","307.86","0.01","281481.61","2520076.03","118.81","0.59","4.09","0.0","0.46","2.7","0.0"
"2021-07-28T00:00:00","ucl-prod\hypervisors","317.13","12.48","19.94","3.16","55.93","83.94","9.56","35.98","251.65","0.0","202340.32","2134821.69","119.74","0.66","4.84","0.0","0.45","2.53","0.0"
"2021-07-29T00:00:00","ucl-prod\hypervisors","318.41","12.76","21.08","4.08","56.55","83.94","13.19","27.21","220.33","0.01","226600.11","1505864.19","159.1","0.67","4.39","0.0","2.77","10.97","0.0"
"2021-07-30T00:00:00","ucl-prod\hypervisors","326.12","12.39","18.13","4.7","57.43","84.3","16.22","40.86","244.74","0.0","254350.26","4687497.03","228.37","0.97","3.85","0.0","0.68","4.53","0.0"
"2021-07-31T00:00:00","ucl-prod\hypervisors","332.57","8.11","13.39","4.6","55.46","82.59","19.36","32.69","217.26","0.01","358156.5","1868055.34","124.29","0.83","3.7","0.0","0.85","4.8","0.0"
"2021-08-01T00:00:00","ucl-prod\hypervisors","331.72","8.01","12.65","4.98","55.72","84.22","8.6","27.73","193.66","0.01","275545.83","2703360.17","119.72","0.6","2.69","0.0","0.42","2.31","0.0"
"2021-08-02T00:00:00","ucl-prod\hypervisors","332.74","11.47","17.71","5.62","56.09","88.22","8.63","35.61","302.67","0.01","247227.02","2397435.0","146.35","0.77","5.18","0.0","0.32","1.55","0.0"
"2021-08-03T00:00:00","ucl-prod\hypervisors","332.74","11.93","17.31","5.51","56.48","88.94","8.55","28.42","229.56","0.01","181027.67","905031.73","137.01","0.76","5.7","0.0","0.33","1.6","0.0"
"2021-08-04T00:00:00","ucl-prod\hypervisors","329.38","12.21","19.55","5.79","56.7","89.47","8.54","38.49","232.29","0.01","225195.07","2290890.29","120.36","0.7","3.92","0.0","1.04","6.5","0.0"
"2021-08-05T00:00:00","ucl-prod\hypervisors","326.74","12.27","18.22","5.72","56.59","89.83","8.54","30.83","236.63","0.01","304869.66","2398737.87","117.05","0.68","3.4","0.0","0.95","5.97","0.0"
"2021-08-06T00:00:00","ucl-prod\hypervisors","326.73","11.54","16.31","5.83","56.35","89.48","8.71","44.63","271.62","0.02","197540.4","1363117.44","118.94","0.71","3.62","0.0","0.32","1.55","0.0"
"2021-08-07T00:00:00","ucl-prod\hypervisors","326.47","8.1","12.81","5.37","54.91","85.61","8.55","31.74","246.26","0.0","165589.74","944132.86","116.57","0.7","4.52","0.0","1.15","6.91","0.0"
"2021-08-08T00:00:00","ucl-prod\hypervisors","325.76","8.52","13.8","4.48","57.21","81.63","10.0","34.76","235.74","0.0","376002.62","2956913.29","173.95","0.66","3.45","0.0","0.26","1.32","0.0"
"2021-08-09T00:00:00","ucl-prod\hypervisors","332.2","11.77","17.89","5.12","58.39","84.18","10.15","27.84","184.86","0.0","230594.54","1808173.3","118.33","0.73","3.73","0.0","0.44","3.51","0.0"
"2021-08-10T00:00:00","ucl-prod\hypervisors","334.75","11.7","17.45","4.51","58.65","84.54","10.67","27.41","181.27","0.0","260793.82","1894419.72","153.84","0.65","4.32","0.0","0.34","1.98","0.0"
"2021-08-11T00:00:00","ucl-prod\hypervisors","334.74","12.11","17.03","4.87","58.86","85.59","10.62","33.04","247.64","0.0","237749.58","2844613.42","125.72","0.74","5.08","0.0","0.27","1.36","0.0"
"2021-08-12T00:00:00","ucl-prod\hypervisors","334.76","12.29","18.73","4.46","59.14","85.73","10.71","29.92","277.49","0.01","249181.8","1575186.17","127.13","0.77","3.95","0.0","0.4","3.09","0.0"
"2021-08-13T00:00:00","ucl-prod\hypervisors","334.76","11.75","19.14","4.49","59.04","85.13","10.34","30.41","249.58","0.01","160542.96","1049214.0","156.63","0.66","3.89","0.0","0.3","1.58","0.0"
"2021-08-14T00:00:00","ucl-prod\hypervisors","334.46","8.17","13.96","4.1","57.6","83.2","10.13","37.83","184.48","0.0","127175.4","665915.87","134.35","0.69","4.17","0.0","0.25","1.66","0.0"
"2021-08-15T00:00:00","ucl-prod\hypervisors","333.72","8.49","18.12","4.98","59.5","84.8","12.2","30.11","120.52","0.0","222727.55","1653847.25","156.39","0.65","3.9","0.0","0.3","1.91","0.0"
"2021-08-16T00:00:00","ucl-prod\hypervisors","334.78","11.82","16.98","4.81","59.65","86.42","12.19","31.09","252.53","0.0","171164.8","1523923.19","114.74","0.7","3.92","0.0","0.29","1.3","0.0"
"2021-08-17T00:00:00","ucl-prod\hypervisors","330.41","11.82","17.53","5.13","57.97","85.74","9.51","28.25","161.53","0.0","259355.35","1714669.87","120.78","0.73","4.83","0.0","0.51","3.0","0.0"
"2021-08-18T00:00:00","ucl-prod\hypervisors","328.54","11.98","17.65","5.21","57.63","85.45","8.72","29.68","175.74","0.0","273519.35","2323074.25","148.77","0.71","4.21","0.0","0.6","3.39","0.0"
"2021-08-19T00:00:00","ucl-prod\hypervisors","328.75","12.32","19.57","4.08","57.83","85.75","9.73","30.46","134.0","0.01","337842.05","2137827.51","121.89","0.83","5.2","0.0","1.31","6.87","0.0"
"2021-08-20T00:00:00","ucl-prod\hypervisors","328.19","11.48","17.67","3.73","57.62","85.44","10.56","27.83","94.32","0.01","257128.61","1622569.07","113.61","0.64","3.07","0.0","0.26","1.34","0.0"
"2021-08-21T00:00:00","ucl-prod\hypervisors","327.46","7.93","16.57","4.33","56.06","83.49","9.92","33.18","136.51","0.01","324408.81","2041699.83","112.93","0.57","3.03","0.0","0.3","1.19","0.0"
"2021-08-22T00:00:00","ucl-prod\hypervisors","326.77","8.29","15.44","5.09","57.55","81.1","8.71","27.71","129.84","0.01","345322.64","2124969.81","112.66","0.7","5.04","0.0","0.24","1.13","0.0"
"2021-08-23T00:00:00","ucl-prod\hypervisors","327.74","11.44","17.15","4.71","57.5","81.97","8.87","29.71","239.97","0.0","223925.51","1685918.0","129.31","0.63","6.22","0.0","0.28","1.1","0.0"
"2021-08-24T00:00:00","ucl-prod\hypervisors","324.34","12.06","17.7","4.94","57.16","82.74","10.23","44.67","339.35","0.01","236633.02","1606937.78","128.3","0.66","4.53","0.0","1.0","5.95","0.0"
"2021-08-25T00:00:00","ucl-prod\hypervisors","325.91","12.16","18.36","4.82","58.01","83.45","11.17","59.22","778.86","0.0","326523.18","4085125.48","117.93","0.66","4.69","0.0","0.62","4.14","0.0"
"2021-08-26T00:00:00","ucl-prod\hypervisors","327.73","12.47","18.07","5.05","58.12","83.51","10.27","71.82","1476.65","0.0","267303.68","2652993.78","118.69","0.78","5.43","0.0","2.23","8.81","0.0"
"2021-08-27T00:00:00","ucl-prod\hypervisors","327.85","11.84","27.89","4.79","57.97","85.0","9.59","85.61","1861.85","0.0","214562.99","2385573.25","106.61","0.72","5.97","0.0","0.62","4.91","0.0"
"2021-08-28T00:00:00","ucl-prod\hypervisors","323.62","8.39","18.58","4.69","55.53","80.58","10.53","99.27","2277.16","0.01","260843.84","1702419.92","109.03","0.69","5.85","0.0","0.72","4.49","0.0"
"2021-08-29T00:00:00","ucl-prod\hypervisors","319.08","8.03","15.02","4.96","55.21","81.58","10.43","111.74","2668.5","0.0","270787.04","2043715.57","110.12","0.78","5.92","0.0","0.23","1.05","0.0"
"2021-08-30T00:00:00","ucl-prod\hypervisors","324.3","7.59","14.29","4.74","54.85","81.42","10.27","110.95","2860.34","0.0","283017.8","2260191.37","110.21","0.63","4.6","0.0","0.21","0.99","0.0"
"2021-08-31T00:00:00","ucl-prod\hypervisors","326.88","11.71","19.24","4.74","56.76","84.0","10.28","114.72","2976.27","0.0","254929.57","2201866.13","107.99","0.72","5.89","0.0","0.3","1.48","0.0"
"2021-09-01T00:00:00","ucl-prod\hypervisors","326.87","12.2","20.78","4.82","56.34","84.31","10.03","127.55","3126.86","0.0","348303.32","6349011.98","108.46","0.79","6.72","0.0","0.49","2.95","0.0"
"2021-09-02T00:00:00","ucl-prod\hypervisors","326.87","12.5","17.7","4.69","56.33","84.2","10.52","129.94","3549.35","0.0","356121.2","1975692.96","110.59","0.7","5.53","0.0","0.59","3.96","0.0"
"2021-09-03T00:00:00","ucl-prod\hypervisors","326.87","11.6","17.2","4.77","56.39","82.74","10.46","137.33","3791.54","0.0","288252.49","1885982.08","108.16","0.73","5.89","0.0","0.32","1.62","0.0"
"2021-09-04T00:00:00","ucl-prod\hypervisors","326.59","7.52","15.36","4.77","54.89","81.48","10.27","151.35","4109.12","0.0","219220.18","2230425.25","109.53","0.74","5.79","0.0","0.38","2.19","0.0"
"2021-09-05T00:00:00","ucl-prod\hypervisors","324.84","8.39","15.06","4.83","58.33","84.5","9.94","144.11","3952.97","0.01","205824.42","1116685.87","107.79","0.92","5.46","0.0","0.27","1.35","0.0"
"2021-09-06T00:00:00","ucl-prod\hypervisors","326.27","12.12","17.84","4.59","57.62","86.31","10.27","150.75","4181.95","0.01","384162.21","3546044.89","107.56","0.75","6.46","0.0","0.32","1.85","0.0"
"2021-09-07T00:00:00","ucl-prod\hypervisors","326.85","12.57","20.21","4.72","57.17","85.16","9.71","156.45","4454.32","0.0","285177.53","2858330.48","110.84","0.79","6.52","0.0","0.35","1.76","0.0"
"2021-09-08T00:00:00","ucl-prod\hypervisors","326.86","13.04","20.95","5.31","57.48","85.33","8.55","156.9","4401.84","0.01","215950.78","1803015.73","118.69","0.84","6.7","0.0","0.46","2.67","0.0"
"2021-09-09T00:00:00","ucl-prod\hypervisors","327.02","14.03","22.96","6.17","59.2","87.6","8.55","151.58","4373.71","0.01","225308.36","1293340.78","224.81","1.09","5.6","0.0","0.64","4.29","0.0"
"2021-09-10T00:00:00","ucl-prod\hypervisors","327.49","13.7","26.06","6.08","60.81","88.57","8.55","155.1","4571.01","0.02","297978.65","2610672.15","116.3","0.96","5.76","0.0","0.27","1.36","0.0"
"2021-09-11T00:00:00","ucl-prod\hypervisors","327.58","9.38","21.41","5.92","57.6","85.34","9.19","164.37","4644.63","0.01","279512.03","3910921.34","117.33","0.9","5.4","0.0","0.26","1.32","0.0"
"2021-09-12T00:00:00","ucl-prod\hypervisors","323.13","9.77","19.8","5.43","61.44","84.27","9.69","155.81","4429.83","0.0","282466.52","2966337.45","110.1","1.34","6.04","0.0","0.28","1.15","0.0"
"2021-09-13T00:00:00","ucl-prod\hypervisors","325.19","13.2","20.8","6.12","60.89","84.65","9.06","164.4","4547.36","0.0","281689.67","1618298.69","148.69","1.2","5.93","0.0","0.34","1.66","0.0"
"2021-09-14T00:00:00","ucl-prod\hypervisors","324.9","12.84","21.02","5.76","61.39","83.98","9.3","171.91","4738.67","0.0","193726.08","1910146.04","113.75","0.83","6.14","0.0","0.28","1.23","0.0"
"2021-09-15T00:00:00","ucl-prod\hypervisors","324.85","13.27","21.23","6.33","60.68","83.7","9.05","208.15","4703.28","0.0","342296.15","2095367.37","111.8","0.91","6.21","0.0","0.29","1.28","0.0"
"2021-09-16T00:00:00","ucl-prod\hypervisors","324.88","13.37","22.63","6.9","60.51","83.79","9.18","192.99","4259.38","0.01","259232.79","1433546.45","143.16","0.99","6.06","0.0","0.67","4.68","0.0"
"2021-09-17T00:00:00","ucl-prod\hypervisors","325.09","13.05","22.94","6.87","60.54","83.47","10.52","190.41","4466.42","0.01","297551.27","1877975.51","110.59","0.94","5.19","0.0","0.23","0.91","0.0"
"2021-09-18T00:00:00","ucl-prod\hypervisors","324.62","8.75","22.64","4.83","59.87","84.3","10.52","194.81","4004.6","0.0","256330.47","1963012.67","112.71","0.9","5.67","0.0","0.28","1.47","0.0"
"2021-09-19T00:00:00","ucl-prod\hypervisors","323.78","18.58","34.13","5.97","61.68","86.22","10.53","213.23","3770.73","0.01","249229.04","2595137.53","111.16","1.49","7.09","0.0","0.24","1.13","0.0"
"2021-09-20T00:00:00","ucl-prod\hypervisors","324.88","22.8","38.89","5.76","59.82","84.86","9.76","254.07","3997.65","0.0","363807.42","4857873.63","128.94","1.01","5.97","0.0","0.24","1.05","0.0"
"2021-09-21T00:00:00","ucl-prod\hypervisors","325.31","22.85","38.57","6.18","59.1","82.62","10.54","287.38","4799.97","0.0","179967.86","1657615.59","112.26","1.14","6.81","0.0","0.39","1.95","0.0"
"2021-09-22T00:00:00","ucl-prod\hypervisors","325.89","23.97","41.0","6.59","59.97","83.08","10.55","328.11","5695.35","0.01","200010.8","1571620.86","111.06","1.08","5.8","0.0","0.47","2.69","0.0"
"2021-09-23T00:00:00","ucl-prod\hypervisors","325.5","23.97","39.89","3.98","59.04","80.99","10.54","342.54","6504.69","0.01","412410.75","2785863.47","109.45","0.91","5.5","0.0","0.97","5.09","0.0"
"2021-09-24T00:00:00","ucl-prod\hypervisors","181.99","34.25","47.75","11.66","66.83","79.2","42.69","270.32","3986.42","0.02","661866.81","3428601.27","198.01","1.27","6.22","0.0","1.28","3.92","0.0"
"2021-09-25T00:00:00","ucl-prod\hypervisors","324.66","18.49","35.8","3.78","55.16","82.0","10.64","376.88","7366.5","0.0","394496.38","3847206.15","107.03","0.8","5.92","0.0","0.38","1.99","0.0"
"2021-09-26T00:00:00","ucl-prod\hypervisors","322.17","25.47","48.21","3.85","60.73","85.81","10.65","370.88","7854.3","0.01","309616.08","4820437.07","113.68","1.38","7.19","0.0","0.3","1.57","0.0"
"2021-09-27T00:00:00","ucl-prod\hypervisors","323.0","29.63","56.89","3.64","58.82","84.47","10.56","359.5","8072.97","0.01","401149.13","3258227.02","113.27","1.02","7.09","0.0","0.86","7.51","0.0"
"2021-09-28T00:00:00","ucl-prod\hypervisors","322.82","29.13","62.92","3.96","56.93","81.97","10.65","380.76","8576.14","0.01","317311.03","2984714.9","107.16","0.92","5.68","0.0","1.59","10.16","0.0"
"2021-09-29T00:00:00","ucl-prod\hypervisors","322.82","29.68","64.53","4.02","56.72","82.34","10.65","409.5","9031.14","0.01","418251.72","4852043.65","126.7","0.87","5.7","0.0","1.45","8.09","0.0"
"2021-09-30T00:00:00","ucl-prod\hypervisors","323.0","30.66","57.93","5.24","57.61","84.11","10.64","419.85","9480.34","0.0","401607.63","2359875.24","172.28","0.97","5.43","0.0","1.79","10.07","0.0"
"2021-10-01T00:00:00","ucl-prod\hypervisors","323.39","31.14","58.56","5.15","57.59","84.82","11.9","443.13","10479.6","0.0","245724.9","2488185.47","107.59","0.96","5.06","0.0","1.2","7.31","0.0"
"2021-10-02T00:00:00","ucl-prod\hypervisors","322.74","26.33","56.77","4.97","55.83","83.24","10.66","475.85","10637.13","0.01","373656.71","4583464.04","106.44","0.88","4.37","0.0","0.68","4.7","0.0"
"2021-10-03T00:00:00","ucl-prod\hypervisors","321.27","25.49","55.63","5.32","58.83","85.16","10.66","461.14","10592.04","0.01","245128.98","1782844.63","109.22","1.58","6.38","0.0","0.27","1.35","0.0"
"2021-10-04T00:00:00","ucl-prod\hypervisors","297.64","22.69","32.4","5.08","54.94","84.18","10.66","351.06","10320.48","0.01","288248.13","2561787.04","173.71","0.95","4.27","0.0","0.26","1.15","0.0"
"2021-10-05T00:00:00","ucl-prod\hypervisors","311.43","18.38","32.44","5.24","58.85","88.15","10.66","331.12","10042.94","0.0","505325.03","2563414.74","135.59","1.19","4.61","0.0","0.88","5.24","0.0"
"2021-10-06T00:00:00","ucl-prod\hypervisors","326.97","18.35","32.31","5.16","62.78","88.54","10.66","335.82","10123.48","0.0","401299.18","3655843.02","111.11","0.9","4.7","0.0","1.19","6.72","0.0"
"2021-10-07T00:00:00","ucl-prod\hypervisors","325.57","18.83","32.62","5.09","60.98","86.63","10.66","329.58","10318.81","0.01","439028.67","2619717.35","113.8","0.87","5.1","0.0","0.9","5.52","0.0"
"2021-10-08T00:00:00","ucl-prod\hypervisors","316.75","21.68","33.02","5.01","58.58","79.95","10.66","320.75","10197.03","0.01","161670.19","1288400.16","112.58","0.87","4.84","0.0","0.88","5.12","0.0"
"2021-10-09T00:00:00","ucl-prod\hypervisors","328.82","15.49","33.55","5.0","57.54","89.84","10.66","329.9","10378.65","0.0","313280.89","2602167.95","113.04","0.84","5.16","0.0","1.04","5.71","0.0"
"2021-10-10T00:00:00","ucl-prod\hypervisors","321.93","20.22","42.84","5.42","59.56","80.12","10.65","335.32","10436.19","0.0","378873.15","4355299.75","112.74","1.49","6.46","0.0","0.53","2.51","0.0"
"2021-10-11T00:00:00","ucl-prod\hypervisors","326.6","23.91","49.93","5.11","60.31","83.81","10.65","321.19","10087.62","0.0","423736.97","6132256.77","110.58","0.97","5.15","0.0","0.49","2.29","0.0"
"2021-10-12T00:00:00","ucl-prod\hypervisors","328.94","21.83","31.08","4.98","60.92","84.93","10.65","325.0","10367.47","0.0","309255.22","1525709.27","109.22","0.9","5.84","0.0","0.96","5.68","0.0"
"2021-10-13T00:00:00","ucl-prod\hypervisors","329.0","21.5","31.02","4.12","60.34","83.88","10.66","333.05","10504.2","0.0","204426.85","1987844.71","110.01","0.96","5.71","0.0","1.09","5.98","0.0"
"2021-10-14T00:00:00","ucl-prod\hypervisors","329.0","21.95","31.62","4.08","60.18","83.37","10.65","330.29","10599.47","0.01","372576.1","2790219.83","106.35","0.86","5.61","0.0","0.51","2.59","0.0"
"2021-10-15T00:00:00","ucl-prod\hypervisors","329.39","21.77","31.38","3.45","59.91","82.94","11.49","345.24","10928.4","0.0","478468.64","6309293.34","108.27","0.82","3.97","0.0","0.6","3.49","0.0"
"2021-10-16T00:00:00","ucl-prod\hypervisors","329.79","14.25","23.89","3.12","57.46","82.59","11.91","338.61","10604.89","0.0","361584.79","2899972.21","109.93","0.68","3.03","0.0","0.39","1.93","0.0"
"2021-10-17T00:00:00","ucl-prod\hypervisors","320.33","22.4","40.02","3.2","57.14","86.5","11.92","334.01","10444.69","0.01","461044.66","7182571.18","107.35","1.36","6.43","0.0","0.46","2.28","0.0"
"2021-10-18T00:00:00","ucl-prod\hypervisors","319.93","28.99","53.15","3.25","56.53","87.02","11.91","339.82","10524.7","0.01","407306.24","1634592.52","109.34","0.82","3.88","0.0","0.38","2.11","0.0"
"2021-10-19T00:00:00","ucl-prod\hypervisors","326.41","30.02","55.34","3.18","56.89","84.76","11.91","329.48","10515.9","0.01","414103.47","3075765.71","106.71","0.86","6.1","0.0","0.45","2.14","0.0"
"2021-10-20T00:00:00","ucl-prod\hypervisors","330.0","30.3","55.99","3.52","57.8","85.41","11.92","331.55","10170.29","0.0","447079.38","3862248.94","121.66","0.78","4.94","0.0","0.87","4.85","0.0"
"2021-10-21T00:00:00","ucl-prod\hypervisors","330.0","30.4","55.74","4.05","57.54","85.27","11.91","308.0","9597.21","0.01","376033.39","2468135.08","106.53","0.76","4.14","0.0","1.13","7.02","0.0"
"2021-10-22T00:00:00","ucl-prod\hypervisors","330.0","29.59","56.0","4.79","57.45","85.16","11.92","320.01","9901.77","0.02","379832.07","2225232.89","108.86","0.68","3.39","0.0","0.72","4.04","0.0"
"2021-10-23T00:00:00","ucl-prod\hypervisors","329.84","23.04","48.94","4.78","55.28","82.54","11.92","334.96","10307.02","0.02","354767.65","3746415.23","112.09","0.78","5.25","0.0","1.51","10.74","0.0"
"2021-10-24T00:00:00","ucl-prod\hypervisors","323.87","22.77","36.77","4.93","57.79","84.18","11.92","340.23","10472.49","0.01","431213.78","4940543.11","108.83","1.42","7.3","0.0","0.49","2.38","0.0"
"2021-10-25T00:00:00","ucl-prod\hypervisors","323.98","28.24","49.61","4.97","57.23","83.4","11.92","336.91","10222.86","0.01","513680.51","3123018.94","120.05","0.85","6.7","0.0","0.88","4.14","0.0"
"2021-10-26T00:00:00","ucl-prod\hypervisors","328.33","22.72","36.87","4.46","57.32","84.11","11.91","338.79","10293.14","0.0","376891.86","5694727.3","128.05","0.84","5.19","0.0","1.14","6.1","0.0"
"2021-10-27T00:00:00","ucl-prod\hypervisors","329.98","20.09","36.7","3.95","58.14","87.0","11.92","347.23","10306.54","0.0","543715.53","3958183.21","115.67","0.84","3.58","0.0","0.95","5.9","0.0"
"2021-10-28T00:00:00","ucl-prod\hypervisors","330.0","20.48","36.74","5.1","58.21","86.19","11.91","336.83","10128.49","0.0","453406.28","3020254.51","121.5","0.94","5.6","0.0","3.99","18.43","0.0"
"2021-10-29T00:00:00","ucl-prod\hypervisors","330.0","19.86","33.53","5.08","58.06","85.44","11.92","343.53","10436.13","0.01","369110.98","2308085.41","116.61","0.87","6.42","0.0","2.32","10.93","0.0"
"2021-11-01T00:00:00","ucl-prod\hypervisors","328.97","23.22","37.1","2.38","58.61","86.18","11.92","345.68","10090.32","0.01","472508.74","5192700.24","118.29","0.94","5.12","0.0","1.36","5.96","0.0"
"2021-11-02T00:00:00","ucl-prod\hypervisors","329.19","12.52","23.0","2.53","55.7","76.78","11.93","336.53","9866.48","0.01","215690.33","4627876.82","110.42","0.94","5.93","0.0","4.41","22.93","0.0"
"2021-11-08T00:00:00","ucl-prod\hypervisors","330.0","22.4","39.04","3.19","57.55","80.92","11.93","456.22","9677.17","0.0","501749.6","4191393.75","112.12","0.78","5.09","0.0","0.44","1.98","0.0"
"2021-11-09T00:00:00","ucl-prod\hypervisors","328.7","15.97","25.49","3.14","54.49","75.2","11.93","469.58","9813.95","0.0","303307.53","3524186.58","113.7","0.82","5.62","0.0","1.79","10.25","0.0"
"2021-11-10T00:00:00","ucl-prod\hypervisors","330.37","14.91","23.65","3.69","56.92","79.65","11.93","228.84","5496.56","0.01","563948.84","5647559.85","133.65","1.13","5.42","0.0","1.38","6.62","0.0"
"2021-11-11T00:00:00","ucl-prod\hypervisors","331.0","14.17","23.78","3.18","63.89","87.7","11.93","184.19","5470.94","0.0","581870.61","4532033.37","126.93","0.89","5.7","0.0","1.76","8.7","0.0"
"2021-11-12T00:00:00","ucl-prod\hypervisors","331.53","13.35","19.65","4.0","62.73","85.94","11.93","186.53","5475.42","0.0","564173.56","4766827.59","136.84","0.93","6.38","0.0","1.16","5.49","0.0"
"2021-11-13T00:00:00","ucl-prod\hypervisors","332.0","8.13","16.16","3.46","60.85","82.87","11.94","192.89","5563.49","0.0","375468.46","3149390.87","111.03","0.77","4.9","0.0","1.45","6.37","0.0"
"2021-11-14T00:00:00","ucl-prod\hypervisors","314.54","9.37","21.12","3.19","54.77","74.46","11.94","192.82","5605.0","0.0","601334.78","5595657.57","115.14","1.31","6.51","0.0","1.67","8.56","0.0"
"2021-11-15T00:00:00","ucl-prod\hypervisors","325.91","13.48","22.78","3.52","57.23","82.56","11.93","185.94","5364.9","0.0","360557.1","2626691.24","109.5","0.89","6.6","0.0","1.6","7.76","0.0"
"2021-11-16T00:00:00","ucl-prod\hypervisors","333.0","13.02","21.78","3.64","56.81","83.07","11.93","176.33","5116.92","0.01","544430.92","4641493.98","114.59","0.76","4.84","0.0","2.41","13.03","0.0"
"2021-11-17T00:00:00","ucl-prod\hypervisors","333.0","13.39","23.78","3.68","57.13","83.86","11.93","177.82","5080.36","0.01","609846.8","3917785.99","119.32","0.89","5.88","0.0","3.11","17.32","0.0"
"2021-11-18T00:00:00","ucl-prod\hypervisors","333.0","13.26","24.08","3.41","57.27","84.37","11.93","173.66","5005.02","0.0","712825.44","8170813.54","98.41","1.07","8.32","0.0","3.19","15.09","0.0"
"2021-11-19T00:00:00","ucl-prod\hypervisors","333.0","13.04","24.05","3.8","57.22","83.78","11.94","181.17","5046.13","0.0","753978.32","7470228.5","111.9","0.9","6.01","0.0","1.8","9.62","0.0"
"2021-11-20T00:00:00","ucl-prod\hypervisors","333.0","8.2","17.89","3.5","54.68","78.77","11.95","178.48","4929.15","0.0","577361.57","3620529.25","98.27","0.7","4.83","0.0","1.57","8.74","0.0"
"2021-11-21T00:00:00","ucl-prod\hypervisors","312.46","9.01","17.78","3.22","51.44","70.96","11.95","172.87","4795.64","0.0","731292.54","3576614.08","113.45","0.79","5.54","0.0","1.53","7.3","0.0"
"2021-11-22T00:00:00","ucl-prod\hypervisors","308.99","13.29","24.83","3.08","52.99","75.05","11.95","164.39","4618.93","0.0","575505.68","4305923.95","135.92","0.84","6.82","0.0","1.3","6.26","0.0"
"2021-11-23T00:00:00","ucl-prod\hypervisors","318.73","13.49","22.58","3.67","56.49","82.01","11.95","148.06","3926.19","0.0","325992.6","2280883.97","162.5","0.89","6.17","0.0","1.97","8.28","0.0"
"2021-11-24T00:00:00","ucl-prod\hypervisors","333.56","13.39","23.08","3.62","59.87","84.29","16.13","161.12","2395.36","0.01","316801.71","2980699.01","2088.75","1.39","5.63","0.0","1.57","6.36","0.0"
"2021-11-25T00:00:00","ucl-prod\hypervisors","333.97","13.08","21.84","0.63","63.62","93.78","14.73","168.09","4743.11","0.0","525587.97","5095621.46","150.1","1.18","7.4","0.0","3.14","11.23","0.0"
"2021-11-26T00:00:00","ucl-prod\hypervisors","334.0","12.53","19.53","0.63","63.03","94.27","14.76","160.22","4698.19","0.01","499706.62","2985521.34","117.33","1.0","6.89","0.0","2.6","12.44","0.0"
"2021-11-27T00:00:00","ucl-prod\hypervisors","333.98","7.54","14.44","1.45","60.57","94.28","14.76","172.55","4706.88","0.0","459268.17","2570381.3","104.08","0.87","5.3","0.0","2.78","14.13","0.0"
"2021-11-28T00:00:00","ucl-prod\hypervisors","314.27","9.03","16.01","2.82","61.4","85.83","14.77","170.74","4851.17","0.0","622792.79","4734563.8","103.97","1.4","6.49","0.0","1.2","4.43","0.0"
"2021-11-29T00:00:00","ucl-prod\hypervisors","324.88","12.85","25.64","1.67","63.33","86.59","14.77","168.47","4670.14","0.0","541101.78","5818127.06","113.18","0.89","6.77","0.0","0.95","3.6","0.0"
"2021-11-30T00:00:00","ucl-prod\hypervisors","334.0","12.91","24.56","1.94","63.81","87.15","14.77","161.82","4637.24","0.0","437134.69","2974019.83","152.17","0.91","6.78","0.0","1.43","6.26","0.0"
"2021-12-01T00:00:00","ucl-prod\hypervisors","334.0","12.76","24.97","2.0","64.26","88.99","14.77","164.25","4652.22","0.0","415757.01","4722669.09","114.05","0.8","5.27","0.0","1.38","7.51","0.0"
"2021-12-02T00:00:00","ucl-prod\hypervisors","333.51","12.8","25.01","1.86","64.07","88.93","14.77","162.34","4720.13","0.0","166393.32","1204357.38","108.73","0.82","6.64","0.0","0.45","2.04","0.0"
"2021-12-03T00:00:00","ucl-prod\hypervisors","333.96","12.27","23.75","1.75","64.38","95.06","14.77","161.28","4772.46","0.0","119141.97","2515033.9","106.27","0.83","6.09","0.0","0.53","2.61","0.0"
"2021-12-04T00:00:00","ucl-prod\hypervisors","334.0","7.45","14.98","1.72","62.94","94.06","14.77","175.24","5043.52","0.0","191719.27","2036443.2","106.52","0.87","5.34","0.0","0.47","2.52","0.0"
"2021-12-05T00:00:00","ucl-prod\hypervisors","323.72","9.45","17.57","2.16","64.66","87.27","14.77","178.83","5220.76","0.0","179479.69","2188903.76","106.73","1.32","5.32","0.0","0.32","1.54","0.0"
"2021-12-06T00:00:00","ucl-prod\hypervisors","326.5","12.26","18.46","0.65","64.57","90.32","14.77","182.78","5415.63","0.01","308583.92","2676231.42","106.31","0.78","5.62","0.0","0.28","1.44","0.0"
"2021-12-07T00:00:00","ucl-prod\hypervisors","333.66","12.95","22.61","1.59","64.4","95.74","14.77","179.21","5294.09","0.01","284559.07","3216931.09","105.06","0.87","7.8","0.0","0.38","2.11","0.0"
"2021-12-08T00:00:00","ucl-prod\hypervisors","331.62","12.92","22.39","1.75","65.14","94.57","14.79","177.77","5202.99","0.02","209323.5","2555262.4","103.02","1.01","9.94","0.0","0.6","2.93","0.0"
"2021-12-09T00:00:00","ucl-prod\hypervisors","333.68","12.85","21.25","2.57","66.07","94.64","14.81","179.13","2666.37","0.0","567651.66","8718671.5","118.32","1.56","10.21","0.0","0.97","4.83","0.0"
"2021-12-10T00:00:00","ucl-prod\hypervisors","334.0","11.49","19.52","2.06","66.96","95.75","14.81","196.39","6030.66","0.0","351265.47","5450988.84","111.71","0.94","8.03","0.0","0.31","1.32","0.0"
"2021-12-11T00:00:00","ucl-prod\hypervisors","334.0","6.98","15.73","2.02","65.62","95.74","14.81","205.63","6121.5","0.0","318215.66","4428254.32","107.33","0.84","6.72","0.0","0.37","1.82","0.0"
"2021-12-12T00:00:00","ucl-prod\hypervisors","329.11","9.05","17.67","2.73","65.58","91.93","13.15","197.47","5976.02","0.01","376891.29","5835567.61","104.35","1.45","8.29","0.0","0.34","1.17","0.0"
"2021-12-13T00:00:00","ucl-prod\hypervisors","330.79","12.01","18.45","3.37","65.38","93.65","14.72","198.36","5966.74","0.0","160339.34","1343415.99","117.45","0.89","9.5","0.0","0.33","1.31","0.0"
"2021-12-14T00:00:00","ucl-prod\hypervisors","332.0","12.32","18.99","3.38","65.12","93.83","14.81","198.52","6070.98","0.01","15935.03","171033.75","117.51","0.7","5.97","0.0","0.44","2.33","0.0"
"2021-12-15T00:00:00","ucl-prod\hypervisors","332.0","12.0","19.06","3.6","65.87","94.16","14.81","199.24","5966.74","0.01","38113.29","658363.59","136.3","0.82","6.47","0.0","0.5","2.59","0.0"
"2021-12-16T00:00:00","ucl-prod\hypervisors","332.0","12.07","20.22","3.46","65.86","94.5","14.81","191.15","5814.95","0.0","29545.4","441496.93","102.13","0.88","8.52","0.0","0.33","1.19","0.0"
"2021-12-17T00:00:00","ucl-prod\hypervisors","331.98","10.96","17.19","3.43","65.84","94.83","14.81","194.79","5908.86","0.0","21310.74","257037.48","81.01","0.72","6.87","0.0","0.33","1.14","0.0"
"2021-12-18T00:00:00","ucl-prod\hypervisors","332.0","6.53","15.36","3.55","64.42","94.88","14.81","205.61","5904.76","0.01","8182.21","67416.61","79.35","0.72","6.08","0.0","0.28","1.07","0.0"
"2021-12-19T00:00:00","ucl-prod\hypervisors","313.35","8.32","17.05","2.48","62.67","88.06","12.92","203.87","5902.86","0.01","24185.89","123880.18","79.99","1.28","5.51","0.0","0.32","1.01","0.0"
"2021-12-20T00:00:00","ucl-prod\hypervisors","324.27","10.68","17.63","2.02","64.28","89.22","11.17","187.66","5389.65","0.01","50450.96","989637.77","92.13","0.81","6.72","0.0","0.3","1.01","0.0"
"2021-12-21T00:00:00","ucl-prod\hypervisors","333.0","10.73","19.61","1.7","64.59","89.33","11.16","193.79","5640.3","0.02","53095.64","821325.61","111.93","0.82","6.56","0.0","0.39","1.37","0.0"
"2021-12-22T00:00:00","ucl-prod\hypervisors","333.0","9.96","17.28","1.67","64.15","89.83","11.18","218.37","5775.06","0.02","38247.78","342555.4","84.21","0.82","6.67","0.0","0.36","1.87","0.0"
"2021-12-23T00:00:00","ucl-prod\hypervisors","333.0","7.07","16.06","1.66","62.84","89.63","11.17","194.88","5317.6","0.02","35659.8","343911.24","129.16","0.69","5.79","0.0","0.33","1.12","0.0"
"2021-12-24T00:00:00","ucl-prod\hypervisors","333.0","6.54","15.66","1.74","62.86","89.72","11.17","203.78","5905.72","0.02","28452.96","289483.93","86.15","0.68","5.5","0.0","0.26","0.98","0.0"
"2021-12-25T00:00:00","ucl-prod\hypervisors","333.0","5.98","15.55","1.6","62.59","89.6","11.18","208.74","5968.89","0.02","48570.6","600491.79","83.76","0.68","6.92","0.0","0.23","0.96","0.0"
"2021-12-26T00:00:00","ucl-prod\hypervisors","326.58","8.6","16.33","2.32","64.15","87.91","11.18","205.62","5930.11","0.03","48015.43","268523.54","84.65","1.44","8.41","0.0","0.42","1.51","0.0"
"2021-12-27T00:00:00","ucl-prod\hypervisors","327.0","6.19","13.08","1.96","62.9","91.1","11.17","160.76","4459.88","0.02","60119.16","639980.81","88.93","0.84","8.63","0.0","0.26","1.15","0.0"
"2021-12-28T00:00:00","ucl-prod\hypervisors","327.0","6.22","12.98","1.59","63.06","91.1","11.17","156.5","4337.63","0.02","35646.7","257399.02","103.12","0.73","6.91","0.0","0.24","1.03","0.0"
"2021-12-29T00:00:00","ucl-prod\hypervisors","327.0","6.58","13.11","1.63","63.1","91.1","11.17","157.8","4372.53","0.02","73428.31","561145.8","83.12","0.71","7.41","0.0","0.24","0.98","0.0"
"2021-12-30T00:00:00","ucl-prod\hypervisors","327.0","6.68","13.2","1.61","63.09","91.1","11.17","155.48","4473.87","0.02","15008.08","146476.1","82.22","0.72","6.07","0.0","0.24","1.09","0.0"
"2021-12-31T00:00:00","ucl-prod\hypervisors","327.0","6.71","17.71","1.59","63.12","91.11","11.18","99.17","2466.78","0.02","22923.69","178035.48","82.32","0.73","7.13","0.0","0.23","0.93","0.0"
"2022-01-01T00:00:00","ucl-prod\hypervisors","327.0","6.04","12.47","1.57","62.96","91.11","11.18","34.37","253.28","0.02","27718.29","439738.81","83.74","0.76","8.57","0.0","0.23","0.99","0.0"
"2022-01-02T00:00:00","ucl-prod\hypervisors","315.7","8.55","14.95","2.47","62.72","89.34","11.17","35.08","280.37","0.02","87508.15","860487.66","83.23","1.38","7.29","0.0","0.29","0.96","0.0"
"2022-01-03T00:00:00","ucl-prod\hypervisors","315.0","6.73","12.72","1.73","61.39","91.13","11.18","32.93","245.81","0.02","55096.24","322412.06","82.09","0.72","5.7","0.0","0.25","0.91","0.0"
"2022-01-04T00:00:00","ucl-prod\hypervisors","325.6","11.67","19.44","1.63","63.54","91.13","11.67","31.64","255.87","0.02","100170.74","1686812.79","95.0","0.8","6.93","0.0","0.31","0.99","0.0"
"2022-01-05T00:00:00","ucl-prod\hypervisors","331.6","12.21","21.84","1.7","63.08","91.13","11.67","34.92","298.13","0.01","36739.77","219817.59","115.51","0.76","5.73","0.0","0.27","0.94","0.0"
"2022-01-06T00:00:00","ucl-prod\hypervisors","331.0","12.67","22.33","1.72","62.48","91.13","11.67","34.26","250.67","0.02","55001.27","453676.61","140.47","0.8","6.57","0.0","0.27","0.93","0.0"
"2022-01-07T00:00:00","ucl-prod\hypervisors","331.0","12.76","23.68","1.64","62.27","90.9","11.64","35.52","290.13","0.01","42887.03","407411.45","110.78","0.89","7.98","0.0","0.61","2.14","0.0"
"2022-01-08T00:00:00","ucl-prod\hypervisors","331.0","7.6","12.87","1.71","60.41","91.13","11.67","35.84","240.81","0.0","54283.13","420085.52","105.77","0.88","7.21","0.0","0.37","1.43","0.0"
"2022-01-09T00:00:00","ucl-prod\hypervisors","319.83","9.72","14.79","2.37","63.11","93.98","11.67","36.18","276.07","0.01","75195.81","593523.36","105.24","1.45","7.47","0.0","0.37","1.39","0.0"
"2022-01-10T00:00:00","ucl-prod\hypervisors","319.0","13.15","22.34","1.88","62.19","96.25","11.18","38.29","286.94","0.01","59618.34","402617.81","109.08","0.99","10.62","0.0","0.35","1.32","0.0"
"2022-01-11T00:00:00","ucl-prod\hypervisors","319.0","13.66","23.04","1.82","60.58","96.07","11.19","36.14","300.48","0.02","73948.99","542008.33","120.36","0.85","6.59","0.0","0.33","1.14","0.0"
"2022-01-12T00:00:00","ucl-prod\hypervisors","319.0","13.12","21.69","1.68","60.4","96.31","11.19","33.89","137.55","0.02","41782.37","210528.14","109.41","0.89","6.42","0.0","0.27","0.94","0.0"
"2022-01-13T00:00:00","ucl-prod\hypervisors","319.52","13.13","24.44","3.28","60.55","96.43","11.19","30.03","128.8","0.02","76127.35","587817.97","108.98","1.03","9.93","0.0","0.42","1.77","0.0"
"2022-01-14T00:00:00","ucl-prod\hypervisors","326.46","12.41","22.09","4.21","61.55","96.46","14.86","31.22","163.06","0.01","74196.06","686274.66","162.11","1.14","10.27","0.0","0.28","1.15","0.0"
"2022-01-15T00:00:00","ucl-prod\hypervisors","330.0","7.44","12.27","1.68","60.43","96.47","14.86","35.65","180.72","0.01","80334.0","476019.67","125.97","1.14","10.23","0.0","0.31","1.09","0.0"
"2022-01-16T00:00:00","ucl-prod\hypervisors","318.81","9.17","13.24","3.41","63.05","90.92","13.0","34.29","136.55","0.01","65853.22","718853.32","131.67","1.7","11.27","0.0","0.3","0.98","0.0"
"2022-01-17T00:00:00","ucl-prod\hypervisors","326.49","13.28","21.03","3.74","63.51","92.26","11.19","38.39","307.18","0.01","67648.94","753324.37","128.77","1.34","12.26","0.0","0.55","2.24","0.0"
"2022-01-18T00:00:00","ucl-prod\hypervisors","334.76","14.42","24.16","3.03","62.83","92.26","11.19","30.5","115.82","0.01","121313.42","1399007.66","109.43","1.08","10.93","0.0","0.34","1.55","0.0"
"2022-01-19T00:00:00","ucl-prod\hypervisors","334.99","14.21","24.38","3.22","62.66","93.19","11.19","31.57","131.69","0.0","45188.56","473839.11","109.82","0.9","9.53","0.0","0.35","1.53","0.0"
"2022-01-20T00:00:00","ucl-prod\hypervisors","335.41","14.55","24.44","3.52","64.22","93.27","11.19","32.68","132.11","0.01","122831.66","1528276.63","110.44","1.29","9.6","0.0","0.74","3.2","0.0"
"2022-01-21T00:00:00","ucl-prod\hypervisors","335.84","14.49","27.8","3.82","65.91","93.4","11.19","35.16","123.7","0.0","41977.23","338105.93","118.13","1.33","7.74","0.0","0.62","2.44","0.0"
"2022-01-22T00:00:00","ucl-prod\hypervisors","336.0","7.52","13.12","3.22","64.95","93.46","11.19","37.62","165.67","0.01","91833.19","631602.34","108.58","0.95","6.65","0.0","0.31","1.41","0.0"
"2022-01-23T00:00:00","ucl-prod\hypervisors","331.75","9.83","15.15","3.27","63.58","90.64","11.94","33.45","152.43","0.01","111274.75","771660.47","105.57","1.51","8.42","0.0","0.31","1.56","0.0"
"2022-01-24T00:00:00","ucl-prod\hypervisors","335.97","13.78","26.05","3.74","63.49","92.12","14.48","30.91","128.2","0.01","135138.04","729813.93","121.14","1.0","8.98","0.0","0.24","1.01","0.0"
"2022-01-25T00:00:00","ucl-prod\hypervisors","336.6","13.66","24.9","3.42","62.5","92.12","14.87","40.8","189.19","0.01","123766.88","1629252.81","134.52","0.96","8.82","0.0","0.3","1.13","0.0"
"2022-01-26T00:00:00","ucl-prod\hypervisors","337.0","14.25","25.72","3.43","62.37","92.09","14.87","35.99","222.88","0.01","123063.01","852805.06","124.0","0.97","7.81","0.0","0.47","2.33","0.0"
"2022-01-27T00:00:00","ucl-prod\hypervisors","336.97","14.67","25.86","3.47","62.59","91.99","14.85","27.83","87.0","0.01","98478.05","800850.75","122.63","1.1","10.3","0.0","1.85","6.11","0.0"
"2022-01-28T00:00:00","ucl-prod\hypervisors","337.0","13.5","22.7","3.59","61.89","92.07","14.87","30.77","146.81","0.0","61836.32","712570.6","110.23","1.08","9.47","0.0","0.53","2.98","0.0"
"2022-01-29T00:00:00","ucl-prod\hypervisors","337.0","8.44","14.32","2.79","59.73","92.06","14.87","41.26","188.92","0.02","111925.64","955742.97","111.58","1.0","9.0","0.0","0.41","2.2","0.0"
"2022-01-30T00:00:00","ucl-prod\hypervisors","312.51","8.61","13.52","2.4","57.57","81.17","12.09","33.19","167.93","0.02","151982.79","817091.75","115.92","1.25","6.87","0.0","0.29","1.39","0.0"
"2022-01-31T00:00:00","ucl-prod\hypervisors","323.59","13.31","21.93","2.55","60.77","81.57","14.32","33.43","126.73","0.01","59041.5","322429.3","122.36","0.94","6.4","0.0","0.54","3.43","0.0"
"2022-02-01T00:00:00","ucl-prod\hypervisors","336.07","12.79","22.64","2.06","62.16","86.74","14.87","30.51","114.71","0.0","155623.34","1099423.25","104.79","0.9","8.01","0.0","0.32","1.44","0.0"
"2022-02-02T00:00:00","ucl-prod\hypervisors","335.98","14.15","28.12","2.88","62.66","86.29","14.88","36.79","124.73","0.01","108452.25","635091.06","131.56","1.23","9.37","0.0","0.48","2.72","0.0"
"2022-02-03T00:00:00","ucl-prod\hypervisors","336.0","13.67","29.59","3.79","62.98","85.81","14.86","32.29","107.39","0.02","123622.77","895671.56","247.7","0.96","9.83","0.0","0.27","1.39","0.0"
"2022-02-04T00:00:00","ucl-prod\hypervisors","336.0","13.21","28.36","3.48","62.36","84.86","14.86","29.62","113.49","0.02","172887.4","2045928.21","111.82","0.94","7.78","0.0","0.3","1.32","0.0"
"2022-02-05T00:00:00","ucl-prod\hypervisors","336.0","8.5","20.32","3.03","60.5","82.6","14.86","34.01","136.32","0.02","146573.1","1627851.55","110.85","0.94","7.32","0.0","0.33","1.36","0.0"
"2022-02-06T00:00:00","ucl-prod\hypervisors","328.94","9.43","16.17","3.44","61.51","87.41","9.65","31.43","126.66","0.03","74038.9","897086.14","109.34","1.33","7.15","0.0","0.28","1.13","0.0"
"2022-02-07T00:00:00","ucl-prod\hypervisors","332.73","13.84","22.93","4.48","62.93","89.96","12.59","34.25","148.3","0.02","149429.88","930133.59","120.49","1.22","8.17","0.0","0.95","4.88","0.0"
"2022-02-08T00:00:00","ucl-prod\hypervisors","335.53","13.66","23.1","4.13","63.09","89.11","14.86","30.26","114.29","0.03","99516.46","803799.43","128.63","1.27","11.66","0.0","0.71","3.25","0.0"
"2022-02-09T00:00:00","ucl-prod\hypervisors","336.0","14.0","22.27","3.79","63.19","88.31","14.86","38.17","162.2","0.02","106395.26","646989.95","117.45","1.15","10.66","0.0","0.44","1.99","0.0"
"2022-02-10T00:00:00","ucl-prod\hypervisors","336.0","13.68","23.11","3.6","62.92","88.14","14.86","30.69","116.26","0.02","135147.87","1604620.36","106.63","0.93","7.91","0.0","0.37","1.76","0.0"
"2022-02-11T00:00:00","ucl-prod\hypervisors","336.02","13.65","22.74","2.66","62.59","86.99","14.82","28.57","109.98","0.02","183754.3","2484476.26","104.43","0.95","7.83","0.0","0.36","2.01","0.0"
"2022-02-12T00:00:00","ucl-prod\hypervisors","336.36","8.66","14.91","1.98","60.7","83.7","14.86","36.72","178.26","0.0","111741.71","905075.73","109.45","0.86","7.38","0.0","0.33","1.56","0.0"
"2022-02-13T00:00:00","ucl-prod\hypervisors","331.85","9.88","18.58","3.69","62.75","81.85","12.81","32.36","136.4","0.0","210601.77","1937636.24","123.51","1.38","8.07","0.0","0.43","1.45","0.0"
"2022-02-14T00:00:00","ucl-prod\hypervisors","336.0","11.62","22.09","3.77","62.98","82.15","14.38","32.9","137.47","0.0","132950.37","1086786.76","136.74","1.04","8.95","0.0","0.39","1.3","0.0"
"2022-02-15T00:00:00","ucl-prod\hypervisors","337.57","11.81","23.1","3.04","62.01","82.59","14.77","34.37","130.1","0.0","183851.7","1334474.88","117.55","1.06","9.49","0.0","0.62","2.45","0.0"
"2022-02-16T00:00:00","ucl-prod\hypervisors","339.0","12.22","23.45","3.19","62.1","82.61","14.87","31.68","120.23","0.01","168199.0","2346368.25","111.03","1.19","11.8","0.0","0.4","1.23","0.0"
"2022-02-17T00:00:00","ucl-prod\hypervisors","339.0","12.53","23.15","3.29","62.63","82.62","14.87","29.06","100.98","0.01","116141.36","1491183.64","106.7","1.27","12.71","0.0","0.5","1.78","0.0"
"2022-02-18T00:00:00","ucl-prod\hypervisors","339.0","13.44","23.31","4.16","63.0","82.62","14.86","33.95","148.85","0.01","261507.72","2447828.48","104.44","1.0","8.16","0.0","0.44","1.65","0.0"
"2022-02-19T00:00:00","ucl-prod\hypervisors","339.0","9.1","19.43","3.26","60.91","82.61","14.87","34.77","178.19","0.01","183158.4","1249640.59","107.35","0.82","6.86","0.0","0.36","1.45","0.0"
"2022-02-20T00:00:00","ucl-prod\hypervisors","318.72","9.66","16.96","2.53","58.92","82.25","9.65","31.94","152.94","0.01","138760.71","1180922.19","108.26","1.47","8.37","0.0","0.46","1.54","0.0"
"2022-02-21T00:00:00","ucl-prod\hypervisors","329.52","13.92","23.8","3.68","61.82","82.48","12.4","39.34","132.11","0.0","180074.58","1349882.86","170.37","1.08","10.17","0.0","0.56","2.58","0.0"
"2022-02-22T00:00:00","ucl-prod\hypervisors","338.7","12.72","21.92","3.41","62.37","83.35","14.64","34.46","117.28","0.01","215473.17","2748612.41","130.53","0.84","7.05","0.0","0.43","1.45","0.0"
"2022-02-23T00:00:00","ucl-prod\hypervisors","338.04","13.46","23.92","3.57","61.51","82.21","14.75","30.45","127.38","0.02","214197.58","1731574.07","131.09","0.69","4.01","0.0","0.44","1.48","0.0"
"2022-02-24T00:00:00","ucl-prod\hypervisors","338.0","13.71","25.06","3.78","61.23","82.46","14.86","33.65","134.92","0.02","113935.81","1327983.92","115.75","1.0","8.53","0.0","1.76","5.92","0.0"
"2022-02-25T00:00:00","ucl-prod\hypervisors","334.08","13.36","23.57","3.51","60.5","81.87","14.11","26.76","101.39","0.0","116885.66","696425.82","111.15","1.05","11.11","0.0","0.46","1.69","0.0"
"2022-02-26T00:00:00","ucl-prod\hypervisors","329.0","9.37","17.94","3.32","58.35","78.3","12.78","31.99","181.37","0.0","153349.75","817592.29","111.64","0.95","9.9","0.0","0.47","2.48","0.0"
"2022-02-27T00:00:00","ucl-prod\hypervisors","309.65","9.76","18.32","3.46","57.47","91.51","12.78","33.07","142.62","0.0","168912.73","2055812.62","108.97","1.36","7.68","0.0","0.45","1.75","0.0"
"2022-02-28T00:00:00","ucl-prod\hypervisors","336.07","14.05","25.92","3.65","62.05","93.44","12.78","46.5","234.95","0.0","215892.48","810183.83","111.48","1.16","9.06","0.0","0.59","2.4","0.0"
"2022-03-01T00:00:00","ucl-prod\hypervisors","336.54","14.08","25.41","3.01","61.32","94.61","12.78","34.48","196.9","0.01","117494.78","823775.47","114.46","0.9","9.69","0.0","0.37","1.7","0.0"
"2022-03-02T00:00:00","ucl-prod\hypervisors","328.81","13.37","22.75","3.02","58.0","83.46","12.78","31.55","153.5","0.01","136668.2","1660046.91","111.43","0.89","11.16","0.0","0.6","2.6","0.0"
"2022-03-03T00:00:00","ucl-prod\hypervisors","300.99","13.8","25.28","2.83","48.57","84.32","12.47","26.1","131.12","0.0","165138.28","836614.25","97.96","0.89","9.63","0.0","0.32","1.38","0.0"
"2022-03-04T00:00:00","ucl-prod\hypervisors","300.98","12.68","22.49","2.79","47.93","83.66","9.07","26.46","103.34","0.0","154238.36","790168.12","95.54","0.92","8.89","0.0","0.26","1.13","0.0"
"2022-03-05T00:00:00","ucl-prod\hypervisors","301.0","8.67","19.0","2.83","46.05","85.01","9.07","30.34","163.55","0.01","222423.42","1759318.41","98.52","0.93","8.4","0.0","0.44","1.86","0.0"
"2022-03-06T00:00:00","ucl-prod\hypervisors","298.82","8.69","17.38","3.03","46.89","73.68","9.07","27.07","117.71","0.01","209540.74","1301948.11","93.23","0.97","9.78","0.0","1.67","17.49","0.0"
"2022-03-07T00:00:00","ucl-prod\hypervisors","300.05","12.73","32.64","2.53","48.59","80.34","9.07","36.09","134.9","0.02","132784.51","1493021.29","98.15","0.8","7.23","0.0","0.28","1.36","0.0"
"2022-03-08T00:00:00","ucl-prod\hypervisors","299.98","12.98","27.76","2.68","48.64","80.77","9.07","27.92","123.09","0.03","96221.89","1235889.75","102.42","0.83","7.68","0.0","0.27","1.44","0.0"
"2022-03-09T00:00:00","ucl-prod\hypervisors","299.91","12.82","28.53","3.68","48.1","77.8","9.06","38.75","143.15","0.01","236768.2","1463254.29","114.73","0.86","8.9","0.0","0.31","1.35","0.0"
"2022-03-10T00:00:00","ucl-prod\hypervisors","302.63","13.06","28.86","3.85","48.96","77.93","10.17","42.85","203.06","0.0","203208.64","2248329.65","115.17","0.93","10.59","0.0","0.27","1.08","0.0"
"2022-03-11T00:00:00","ucl-prod\hypervisors","305.57","13.32","28.03","4.0","49.48","77.34","10.18","48.88","320.58","0.01","276196.63","1904809.82","101.62","1.04","9.82","0.0","0.3","1.22","0.0"
"2022-03-12T00:00:00","ucl-prod\hypervisors","306.0","8.75","20.17","3.54","47.61","75.58","10.18","46.99","319.83","0.01","189933.9","1456299.91","110.31","0.98","8.02","0.0","0.4","1.43","0.0"
"2022-03-13T00:00:00","ucl-prod\hypervisors","301.85","8.27","17.53","3.54","46.69","74.08","10.17","33.65","250.82","0.01","364989.81","3573241.57","124.83","0.84","6.9","0.0","0.26","1.16","0.0"
"2022-03-14T00:00:00","ucl-prod\hypervisors","304.36","12.73","25.81","4.07","48.55","76.59","10.17","37.05","243.58","0.01","135492.67","938643.0","97.75","0.89","8.37","0.0","0.23","0.99","0.0"
"2022-03-15T00:00:00","ucl-prod\hypervisors","306.0","12.87","24.96","3.45","48.69","76.73","10.17","36.8","129.89","0.01","79756.83","404936.83","94.28","1.04","10.09","0.0","0.28","1.01","0.0"
"2022-03-16T00:00:00","ucl-prod\hypervisors","305.78","12.75","25.64","3.72","48.87","77.2","10.17","34.05","146.41","0.02","255861.93","1731357.89","90.26","1.0","10.09","0.0","0.24","0.85","0.0"
"2022-03-17T00:00:00","ucl-prod\hypervisors","306.0","13.7","27.74","3.12","50.59","79.96","10.17","45.37","210.27","0.02","250407.52","1432034.86","98.47","0.95","8.7","0.0","0.52","1.7","0.0"
"2022-03-18T00:00:00","ucl-prod\hypervisors","303.74","12.66","24.69","2.6","51.69","83.5","10.18","45.59","305.48","0.0","187774.22","2060489.65","117.69","0.83","6.59","0.0","0.33","1.18","0.0"
"2022-03-19T00:00:00","ucl-prod\hypervisors","305.0","8.2","16.75","2.54","49.82","79.76","10.18","43.91","261.85","0.0","314563.8","1844079.92","88.21","0.73","6.6","0.0","0.23","0.97","0.0"
"2022-03-20T00:00:00","ucl-prod\hypervisors","301.87","9.03","17.94","2.56","51.57","86.31","10.17","42.95","331.71","0.0","211849.75","2092207.09","88.08","0.8","7.94","0.0","0.32","1.21","0.0"
"2022-03-21T00:00:00","ucl-prod\hypervisors","305.0","11.99","23.47","2.64","51.41","86.5","10.18","40.23","174.01","0.0","239443.21","1206563.41","96.28","0.68","6.35","0.0","0.21","0.76","0.0"
"2022-03-22T00:00:00","ucl-prod\hypervisors","304.98","11.86","23.85","2.63","50.03","83.66","10.18","34.01","145.04","0.01","204438.15","1175467.3","109.17","0.65","5.39","0.0","0.23","0.83","0.0"
"2022-03-23T00:00:00","ucl-prod\hypervisors","305.0","11.92","22.69","2.6","49.97","83.46","10.18","32.32","148.14","0.02","204958.7","2901085.75","86.92","0.72","6.98","0.0","0.18","0.72","0.0"
"2022-03-24T00:00:00","ucl-prod\hypervisors","304.99","12.78","25.1","2.65","50.37","84.24","9.03","44.72","171.23","0.02","253457.54","1429635.63","102.62","0.93","11.28","0.0","0.96","3.49","0.0"
"2022-03-25T00:00:00","ucl-prod\hypervisors","305.0","12.6","26.21","2.62","50.24","83.84","8.05","50.81","293.25","0.02","324778.71","1630713.98","88.31","0.86","9.1","0.0","0.37","1.46","0.0"
"2022-03-26T00:00:00","ucl-prod\hypervisors","305.0","8.12","25.25","2.6","47.97","80.54","8.05","58.16","296.02","0.02","153494.67","912433.94","87.64","0.81","7.05","0.0","0.37","1.42","0.0"
"2022-03-27T00:00:00","ucl-prod\hypervisors","294.22","7.93","20.23","2.6","49.87","82.62","8.05","50.7","276.71","0.03","172392.58","1509077.41","88.93","0.79","6.21","0.0","0.26","1.1","0.0"
"2022-03-28T00:00:00","ucl-prod\hypervisors","300.31","11.82","23.8","2.59","51.29","88.13","8.05","41.94","257.18","0.02","160781.59","1067530.21","86.59","0.84","8.55","0.0","0.41","1.83","0.0"
"2022-03-29T00:00:00","ucl-prod\hypervisors","305.35","12.0","23.42","2.94","51.05","85.14","8.04","39.72","289.45","0.03","180377.52","1327204.26","91.45","0.83","8.28","0.0","0.34","1.4","0.0"
"2022-03-30T00:00:00","ucl-prod\hypervisors","315.3","12.24","23.32","3.13","54.09","88.96","10.67","39.8","216.36","0.02","196561.21","1656320.66","107.92","0.79","6.72","0.0","0.33","1.2","0.0"
